KUNNR,NAME1,LAND1,ORT01,PSTLZ,STRAS,BRSCH,KTOKD
0000000001,Customer 1 S.A.S,US,Barranquilla,49836,Calle 70 #31-47,C,0002
0000000002,Customer 2 S.A.S,MX,Bogota,81018,Calle 44 #57-39,D,0001
0000000003,Customer 3 S.A.S,BR,Sao Paulo,24052,Calle 41 #43-53,C,KUNA
0000000004,Customer 4 S.A.S,DE,Miami,43124,Calle 31 #20-20,C,0002
0000000005,Customer 5 S.A.S,DE,Miami,40502,Calle 14 #69-82,A,0002
0000000006,Customer 6 S.A.S,DE,Miami,10255,Calle 76 #79-26,B,0002
0000000007,Customer 7 S.A.S,US,New York,35727,Calle 7 #77-20,D,0001
0000000008,Customer 8 S.A.S,CO,New York,77162,Calle 18 #33-3,A,0002
0000000009,Customer 9 S.A.S,US,Medellin,69047,Calle 99 #27-70,A,0001
0000000010,Customer 10 S.A.S,CO,Sao Paulo,41252,Calle 95 #27-89,B,0002
0000000011,Customer 11 S.A.S,BR,Medellin,54863,Calle 85 #21-44,E,KUNA
0000000012,Customer 12 S.A.S,DE,Miami,72335,Calle 30 #79-8,B,0001
0000000013,Customer 13 S.A.S,BR,Sao Paulo,33107,Calle 67 #14-70,E,0002
0000000014,Customer 14 S.A.S,DE,New York,14882,Calle 59 #31-38,B,0001
0000000015,Customer 15 S.A.S,DE,Bogota,99338,Calle 71 #46-81,D,KUNA
0000000016,Customer 16 S.A.S,US,New York,61706,Calle 80 #97-67,D,KUNA
0000000017,Customer 17 S.A.S,BR,Berlin,99756,Calle 71 #77-61,A,0001
0000000018,Customer 18 S.A.S,MX,New York,29906,Calle 86 #18-85,D,0001
0000000019,Customer 19 S.A.S,DE,Berlin,59055,Calle 61 #59-84,B,0001
0000000020,Customer 20 S.A.S,CO,Berlin,40714,Calle 54 #71-68,E,0001
0000000021,Customer 21 S.A.S,DE,Miami,45834,Calle 29 #41-92,B,KUNA
0000000022,Customer 22 S.A.S,US,Bogota,23413,Calle 70 #61-63,D,0002
0000000023,Customer 23 S.A.S,CO,Cali,84920,Calle 35 #84-33,A,0001
0000000024,Customer 24 S.A.S,MX,Barranquilla,92792,Calle 1 #79-14,B,KUNA
0000000025,Customer 25 S.A.S,BR,Bogota,68275,Calle 25 #50-52,B,0001
0000000026,Customer 26 S.A.S,BR,Cali,75099,Calle 17 #34-36,D,0001
0000000027,Customer 27 S.A.S,DE,Miami,71679,Calle 34 #47-2,D,0001
0000000028,Customer 28 S.A.S,BR,Cali,40524,Calle 76 #20-46,B,0002
0000000029,Customer 29 S.A.S,MX,Berlin,53584,Calle 89 #81-57,C,0002
0000000030,Customer 30 S.A.S,BR,Medellin,24534,Calle 21 #1-5,C,0002
0000000031,Customer 31 S.A.S,MX,Berlin,55342,Calle 32 #7-96,C,0001
0000000032,Customer 32 S.A.S,BR,New York,36110,Calle 81 #77-27,E,0002
0000000033,Customer 33 S.A.S,US,Sao Paulo,11264,Calle 61 #84-47,E,KUNA
0000000034,Customer 34 S.A.S,US,Barranquilla,56135,Calle 80 #84-23,C,0001
0000000035,Customer 35 S.A.S,US,New York,42852,Calle 71 #17-32,B,KUNA
0000000036,Customer 36 S.A.S,DE,Bogota,22711,Calle 96 #61-9,A,0002
0000000037,Customer 37 S.A.S,US,Sao Paulo,78825,Calle 10 #89-16,E,0002
0000000038,Customer 38 S.A.S,DE,Barranquilla,81245,Calle 28 #75-88,C,0002
0000000039,Customer 39 S.A.S,US,New York,92240,Calle 43 #99-64,A,0001
0000000040,Customer 40 S.A.S,DE,New York,17262,Calle 28 #98-65,C,0001
0000000041,Customer 41 S.A.S,MX,Sao Paulo,10854,Calle 33 #79-95,A,KUNA
0000000042,Customer 42 S.A.S,US,Medellin,81695,Calle 84 #60-29,B,0001
0000000043,Customer 43 S.A.S,US,Berlin,23351,Calle 73 #43-7,E,0002
0000000044,Customer 44 S.A.S,US,Barranquilla,42296,Calle 40 #35-4,C,KUNA
0000000045,Customer 45 S.A.S,DE,Barranquilla,82477,Calle 94 #79-70,B,0001
0000000046,Customer 46 S.A.S,US,Barranquilla,68426,Calle 87 #67-63,B,KUNA
0000000047,Customer 47 S.A.S,US,Berlin,78728,Calle 8 #42-71,B,KUNA
0000000048,Customer 48 S.A.S,DE,Berlin,84513,Calle 96 #65-9,C,KUNA
0000000049,Customer 49 S.A.S,DE,Bogota,52397,Calle 79 #43-9,C,0002
0000000050,Customer 50 S.A.S,BR,Sao Paulo,45937,Calle 52 #39-18,B,0002
0000000051,Customer 51 S.A.S,US,Bogota,14875,Calle 54 #31-51,C,0002
0000000052,Customer 52 S.A.S,CO,New York,78674,Calle 62 #8-38,B,KUNA
0000000053,Customer 53 S.A.S,CO,New York,97563,Calle 70 #79-14,E,0001
0000000054,Customer 54 S.A.S,DE,New York,92501,Calle 35 #57-55,B,0001
0000000055,Customer 55 S.A.S,BR,Sao Paulo,88961,Calle 74 #31-66,A,0002
0000000056,Customer 56 S.A.S,BR,Bogota,24872,Calle 32 #2-26,D,0002
0000000057,Customer 57 S.A.S,CO,New York,87610,Calle 14 #76-13,D,KUNA
0000000058,Customer 58 S.A.S,DE,Sao Paulo,12797,Calle 43 #59-75,D,0001
0000000059,Customer 59 S.A.S,CO,Bogota,76082,Calle 7 #94-23,D,KUNA
0000000060,Customer 60 S.A.S,CO,Barranquilla,65333,Calle 22 #24-41,C,0002
0000000061,Customer 61 S.A.S,DE,New York,19416,Calle 73 #2-32,B,0001
0000000062,Customer 62 S.A.S,US,Medellin,25319,Calle 29 #90-65,E,0002
0000000063,Customer 63 S.A.S,DE,Medellin,82729,Calle 52 #56-4,D,0001
0000000064,Customer 64 S.A.S,DE,New York,20461,Calle 89 #97-75,C,0002
0000000065,Customer 65 S.A.S,US,New York,21628,Calle 53 #72-44,E,KUNA
0000000066,Customer 66 S.A.S,MX,Berlin,37345,Calle 93 #50-73,E,KUNA
0000000067,Customer 67 S.A.S,CO,Bogota,55782,Calle 26 #94-40,A,0002
0000000068,Customer 68 S.A.S,US,New York,75129,Calle 37 #73-24,B,0001
0000000069,Customer 69 S.A.S,DE,Medellin,16579,Calle 61 #93-80,E,0001
0000000070,Customer 70 S.A.S,MX,Berlin,63233,Calle 46 #10-29,E,KUNA
0000000071,Customer 71 S.A.S,CO,Sao Paulo,97482,Calle 22 #50-59,C,KUNA
0000000072,Customer 72 S.A.S,MX,Barranquilla,39507,Calle 79 #49-17,C,KUNA
0000000073,Customer 73 S.A.S,DE,Medellin,67765,Calle 71 #4-84,B,0002
0000000074,Customer 74 S.A.S,CO,Berlin,34380,Calle 18 #58-31,D,KUNA
0000000075,Customer 75 S.A.S,US,Cali,64211,Calle 26 #98-68,D,0001
0000000076,Customer 76 S.A.S,BR,Medellin,59848,Calle 72 #9-25,E,0001
0000000077,Customer 77 S.A.S,MX,Medellin,74513,Calle 65 #13-4,C,0001
0000000078,Customer 78 S.A.S,MX,Berlin,11630,Calle 25 #41-59,E,0001
0000000079,Customer 79 S.A.S,MX,New York,33323,Calle 10 #97-15,B,KUNA
0000000080,Customer 80 S.A.S,MX,Sao Paulo,91040,Calle 51 #12-40,C,0002
0000000081,Customer 81 S.A.S,CO,Bogota,53100,Calle 59 #75-73,D,KUNA
0000000082,Customer 82 S.A.S,DE,New York,38912,Calle 11 #44-22,B,0002
0000000083,Customer 83 S.A.S,DE,Medellin,24445,Calle 2 #87-60,C,0002
0000000084,Customer 84 S.A.S,MX,Berlin,15298,Calle 52 #48-98,B,0001
0000000085,Customer 85 S.A.S,US,Bogota,13343,Calle 55 #69-96,D,0002
0000000086,Customer 86 S.A.S,US,Barranquilla,30509,Calle 7 #39-18,A,KUNA
0000000087,Customer 87 S.A.S,MX,Cali,29413,Calle 36 #60-2,C,0001
0000000088,Customer 88 S.A.S,DE,New York,75676,Calle 41 #7-10,B,0002
0000000089,Customer 89 S.A.S,BR,Cali,48758,Calle 44 #3-72,E,0001
0000000090,Customer 90 S.A.S,US,Bogota,12882,Calle 68 #41-95,E,KUNA
0000000091,Customer 91 S.A.S,BR,Berlin,28982,Calle 9 #73-29,B,0002
0000000092,Customer 92 S.A.S,DE,New York,46272,Calle 85 #49-40,B,0001
0000000093,Customer 93 S.A.S,CO,Cali,87136,Calle 15 #95-18,A,KUNA
0000000094,Customer 94 S.A.S,BR,Miami,95579,Calle 44 #67-28,C,0002
0000000095,Customer 95 S.A.S,CO,Sao Paulo,78289,Calle 98 #55-18,A,KUNA
0000000096,Customer 96 S.A.S,DE,Cali,69908,Calle 75 #74-64,E,0001
0000000097,Customer 97 S.A.S,MX,Barranquilla,32844,Calle 73 #33-67,A,0002
0000000098,Customer 98 S.A.S,MX,Cali,62702,Calle 65 #80-2,A,0002
0000000099,Customer 99 S.A.S,MX,Bogota,22493,Calle 60 #62-45,C,0002
0000000100,Customer 100 S.A.S,MX,Bogota,38892,Calle 83 #10-54,E,0001
0000000101,Customer 101 S.A.S,MX,Sao Paulo,35071,Calle 55 #55-40,A,KUNA
0000000102,Customer 102 S.A.S,DE,Miami,83412,Calle 1 #15-23,A,0001
0000000103,Customer 103 S.A.S,US,Bogota,79480,Calle 84 #16-90,E,0002
0000000104,Customer 104 S.A.S,CO,New York,68072,Calle 52 #44-80,C,0002
0000000105,Customer 105 S.A.S,MX,Bogota,83222,Calle 70 #72-65,C,0001
0000000106,Customer 106 S.A.S,US,Sao Paulo,31305,Calle 9 #74-27,A,0002
0000000107,Customer 107 S.A.S,CO,Bogota,78155,Calle 84 #39-72,B,KUNA
0000000108,Customer 108 S.A.S,BR,Bogota,47355,Calle 54 #21-8,E,0002
0000000109,Customer 109 S.A.S,US,New York,38908,Calle 18 #22-13,C,0002
0000000110,Customer 110 S.A.S,US,New York,36097,Calle 78 #92-63,D,KUNA
0000000111,Customer 111 S.A.S,US,Berlin,26826,Calle 32 #65-13,C,0002
0000000112,Customer 112 S.A.S,BR,New York,37483,Calle 91 #22-83,E,KUNA
0000000113,Customer 113 S.A.S,MX,Berlin,68680,Calle 46 #41-31,E,0001
0000000114,Customer 114 S.A.S,MX,Bogota,67092,Calle 45 #89-33,A,0001
0000000115,Customer 115 S.A.S,DE,Bogota,71793,Calle 82 #36-33,B,0001
0000000116,Customer 116 S.A.S,DE,Sao Paulo,84538,Calle 17 #89-99,A,0001
0000000117,Customer 117 S.A.S,US,Cali,26179,Calle 99 #19-31,D,KUNA
0000000118,Customer 118 S.A.S,CO,Barranquilla,30460,Calle 82 #84-89,B,KUNA
0000000119,Customer 119 S.A.S,DE,Sao Paulo,17759,Calle 87 #24-87,D,0001
0000000120,Customer 120 S.A.S,CO,Berlin,28211,Calle 8 #55-98,A,0001
0000000121,Customer 121 S.A.S,DE,New York,24318,Calle 4 #50-98,E,KUNA
0000000122,Customer 122 S.A.S,BR,Sao Paulo,94248,Calle 60 #44-25,B,0001
0000000123,Customer 123 S.A.S,DE,Miami,35125,Calle 86 #82-62,D,0001
0000000124,Customer 124 S.A.S,BR,New York,29056,Calle 15 #57-70,C,KUNA
0000000125,Customer 125 S.A.S,BR,Cali,32187,Calle 66 #93-86,A,KUNA
0000000126,Customer 126 S.A.S,MX,Barranquilla,61904,Calle 78 #12-57,C,0001
0000000127,Customer 127 S.A.S,US,Bogota,95071,Calle 69 #56-78,A,KUNA
0000000128,Customer 128 S.A.S,CO,Bogota,85153,Calle 69 #14-61,C,0002
0000000129,Customer 129 S.A.S,MX,Cali,68912,Calle 99 #41-82,B,0002
0000000130,Customer 130 S.A.S,CO,Bogota,42946,Calle 15 #5-23,B,0001
0000000131,Customer 131 S.A.S,BR,Cali,83596,Calle 49 #37-11,A,0002
0000000132,Customer 132 S.A.S,DE,Cali,74323,Calle 61 #84-7,B,KUNA
0000000133,Customer 133 S.A.S,DE,Barranquilla,98843,Calle 93 #10-86,B,KUNA
0000000134,Customer 134 S.A.S,BR,New York,86273,Calle 3 #32-56,C,0002
0000000135,Customer 135 S.A.S,CO,Miami,79165,Calle 67 #77-63,B,KUNA
0000000136,Customer 136 S.A.S,US,Medellin,88749,Calle 4 #10-5,A,KUNA
0000000137,Customer 137 S.A.S,MX,Berlin,45592,Calle 2 #48-97,D,0002
0000000138,Customer 138 S.A.S,MX,Sao Paulo,12994,Calle 29 #72-11,D,0001
0000000139,Customer 139 S.A.S,BR,New York,73381,Calle 38 #77-3,D,KUNA
0000000140,Customer 140 S.A.S,US,Barranquilla,28685,Calle 68 #48-26,B,0002
0000000141,Customer 141 S.A.S,US,Miami,29190,Calle 26 #4-89,C,0002
0000000142,Customer 142 S.A.S,BR,Cali,16575,Calle 90 #60-22,D,0002
0000000143,Customer 143 S.A.S,DE,Barranquilla,26012,Calle 69 #92-47,E,0002
0000000144,Customer 144 S.A.S,US,Medellin,78297,Calle 56 #19-48,B,KUNA
0000000145,Customer 145 S.A.S,MX,Miami,38013,Calle 75 #34-87,E,0002
0000000146,Customer 146 S.A.S,MX,Cali,27533,Calle 33 #27-94,C,KUNA
0000000147,Customer 147 S.A.S,CO,Barranquilla,43287,Calle 19 #50-97,E,0001
0000000148,Customer 148 S.A.S,BR,Barranquilla,50251,Calle 33 #39-72,B,0001
0000000149,Customer 149 S.A.S,MX,Medellin,12384,Calle 48 #40-44,E,KUNA
0000000150,Customer 150 S.A.S,BR,Bogota,19197,Calle 77 #29-82,D,0002
0000000151,Customer 151 S.A.S,US,Miami,75436,Calle 41 #83-97,D,0002
0000000152,Customer 152 S.A.S,DE,Bogota,74407,Calle 25 #40-44,D,0001
0000000153,Customer 153 S.A.S,CO,Sao Paulo,23701,Calle 59 #66-3,D,0002
0000000154,Customer 154 S.A.S,MX,Bogota,32541,Calle 55 #39-61,B,0001
0000000155,Customer 155 S.A.S,US,Medellin,44266,Calle 53 #88-38,B,0001
0000000156,Customer 156 S.A.S,US,Bogota,68457,Calle 51 #46-63,E,0002
0000000157,Customer 157 S.A.S,BR,Sao Paulo,55751,Calle 67 #11-89,B,0002
0000000158,Customer 158 S.A.S,US,New York,45521,Calle 60 #57-95,D,KUNA
0000000159,Customer 159 S.A.S,US,Barranquilla,62000,Calle 91 #90-73,D,0002
0000000160,Customer 160 S.A.S,US,Sao Paulo,82038,Calle 55 #16-24,A,0002
0000000161,Customer 161 S.A.S,MX,Sao Paulo,75150,Calle 100 #53-62,C,0001
0000000162,Customer 162 S.A.S,MX,Berlin,13995,Calle 51 #83-77,B,0002
0000000163,Customer 163 S.A.S,CO,Medellin,21383,Calle 45 #85-48,D,0002
0000000164,Customer 164 S.A.S,US,Cali,69655,Calle 86 #72-16,B,0002
0000000165,Customer 165 S.A.S,US,New York,99289,Calle 71 #2-99,C,0002
0000000166,Customer 166 S.A.S,BR,Sao Paulo,89769,Calle 29 #26-72,B,KUNA
0000000167,Customer 167 S.A.S,MX,Bogota,29787,Calle 81 #60-72,D,KUNA
0000000168,Customer 168 S.A.S,US,Miami,36443,Calle 87 #14-34,A,0001
0000000169,Customer 169 S.A.S,MX,Bogota,35294,Calle 89 #78-58,E,0002
0000000170,Customer 170 S.A.S,CO,New York,19294,Calle 23 #3-9,A,KUNA
0000000171,Customer 171 S.A.S,CO,Miami,74708,Calle 63 #30-54,E,0002
0000000172,Customer 172 S.A.S,US,Barranquilla,69608,Calle 99 #83-40,D,0002
0000000173,Customer 173 S.A.S,CO,Medellin,53808,Calle 44 #69-94,C,KUNA
0000000174,Customer 174 S.A.S,BR,Barranquilla,76486,Calle 39 #2-1,E,0001
0000000175,Customer 175 S.A.S,CO,Bogota,56723,Calle 19 #12-22,C,0001
0000000176,Customer 176 S.A.S,BR,Miami,64051,Calle 62 #67-49,A,KUNA
0000000177,Customer 177 S.A.S,DE,Miami,59976,Calle 38 #46-26,B,KUNA
0000000178,Customer 178 S.A.S,US,Sao Paulo,39759,Calle 27 #16-6,D,KUNA
0000000179,Customer 179 S.A.S,MX,Sao Paulo,62417,Calle 4 #25-12,A,0002
0000000180,Customer 180 S.A.S,BR,Sao Paulo,34985,Calle 83 #48-32,B,KUNA
0000000181,Customer 181 S.A.S,BR,New York,20378,Calle 35 #40-12,B,0002
0000000182,Customer 182 S.A.S,MX,Sao Paulo,84554,Calle 69 #71-2,B,0002
0000000183,Customer 183 S.A.S,US,Bogota,90510,Calle 78 #88-26,C,0001
0000000184,Customer 184 S.A.S,MX,Medellin,30248,Calle 1 #80-68,D,0002
0000000185,Customer 185 S.A.S,MX,New York,62456,Calle 64 #92-8,A,0002
0000000186,Customer 186 S.A.S,BR,Berlin,99589,Calle 71 #59-6,A,0001
0000000187,Customer 187 S.A.S,DE,Bogota,83635,Calle 59 #5-25,C,0001
0000000188,Customer 188 S.A.S,CO,Miami,35710,Calle 69 #54-10,A,0001
0000000189,Customer 189 S.A.S,CO,Barranquilla,17031,Calle 14 #48-25,C,KUNA
0000000190,Customer 190 S.A.S,US,Sao Paulo,82946,Calle 3 #6-94,C,0002
0000000191,Customer 191 S.A.S,CO,Miami,35259,Calle 72 #85-37,A,KUNA
0000000192,Customer 192 S.A.S,BR,Cali,81364,Calle 40 #14-77,C,0002
0000000193,Customer 193 S.A.S,BR,New York,60994,Calle 80 #4-93,C,0002
0000000194,Customer 194 S.A.S,DE,Cali,42591,Calle 22 #85-94,A,KUNA
0000000195,Customer 195 S.A.S,US,Berlin,73028,Calle 54 #91-70,C,0001
0000000196,Customer 196 S.A.S,DE,Barranquilla,34855,Calle 42 #49-17,C,0001
0000000197,Customer 197 S.A.S,DE,Berlin,20843,Calle 60 #98-72,D,0001
0000000198,Customer 198 S.A.S,CO,Cali,70672,Calle 67 #49-80,E,KUNA
0000000199,Customer 199 S.A.S,MX,Miami,77180,Calle 61 #93-73,D,KUNA
0000000200,Customer 200 S.A.S,BR,Barranquilla,70969,Calle 89 #77-94,E,0002
0000000201,Customer 201 S.A.S,BR,Bogota,77869,Calle 42 #95-89,E,KUNA
0000000202,Customer 202 S.A.S,BR,Miami,55727,Calle 19 #16-49,B,KUNA
0000000203,Customer 203 S.A.S,MX,Sao Paulo,82415,Calle 49 #96-35,E,0001
0000000204,Customer 204 S.A.S,CO,Bogota,53226,Calle 15 #84-12,E,0002
0000000205,Customer 205 S.A.S,US,Miami,49899,Calle 16 #95-1,B,0001
0000000206,Customer 206 S.A.S,CO,Berlin,80054,Calle 31 #42-75,C,KUNA
0000000207,Customer 207 S.A.S,BR,Bogota,79848,Calle 29 #45-18,D,0001
0000000208,Customer 208 S.A.S,BR,Barranquilla,97068,Calle 69 #24-57,D,0001
0000000209,Customer 209 S.A.S,BR,Sao Paulo,14721,Calle 51 #19-47,A,KUNA
0000000210,Customer 210 S.A.S,CO,Sao Paulo,95709,Calle 79 #22-52,A,0001
0000000211,Customer 211 S.A.S,DE,Bogota,89828,Calle 42 #56-90,A,0002
0000000212,Customer 212 S.A.S,DE,Barranquilla,33684,Calle 32 #18-95,B,0002
0000000213,Customer 213 S.A.S,BR,Barranquilla,62399,Calle 90 #44-88,C,KUNA
0000000214,Customer 214 S.A.S,CO,Medellin,83767,Calle 94 #62-28,A,0001
0000000215,Customer 215 S.A.S,CO,Cali,12960,Calle 94 #19-60,B,0001
0000000216,Customer 216 S.A.S,CO,Miami,41729,Calle 9 #63-38,A,KUNA
0000000217,Customer 217 S.A.S,DE,Barranquilla,81790,Calle 73 #17-85,D,0001
0000000218,Customer 218 S.A.S,US,New York,12062,Calle 78 #92-43,E,0002
0000000219,Customer 219 S.A.S,US,Berlin,48094,Calle 56 #75-24,B,0001
0000000220,Customer 220 S.A.S,BR,Miami,28230,Calle 33 #20-75,E,KUNA
0000000221,Customer 221 S.A.S,BR,Miami,39224,Calle 76 #3-58,C,0001
0000000222,Customer 222 S.A.S,BR,Miami,36695,Calle 27 #65-81,E,0001
0000000223,Customer 223 S.A.S,US,Cali,79172,Calle 4 #2-24,B,KUNA
0000000224,Customer 224 S.A.S,BR,Bogota,92883,Calle 100 #97-87,D,0001
0000000225,Customer 225 S.A.S,DE,Barranquilla,19348,Calle 37 #9-59,B,KUNA
0000000226,Customer 226 S.A.S,US,Miami,24752,Calle 21 #30-76,B,0001
0000000227,Customer 227 S.A.S,DE,Medellin,81825,Calle 76 #33-44,C,KUNA
0000000228,Customer 228 S.A.S,DE,Sao Paulo,56042,Calle 11 #89-88,C,0001
0000000229,Customer 229 S.A.S,US,Berlin,83509,Calle 74 #57-20,C,0001
0000000230,Customer 230 S.A.S,BR,Sao Paulo,19931,Calle 29 #19-18,B,0002
0000000231,Customer 231 S.A.S,CO,Bogota,41223,Calle 14 #31-40,D,0002
0000000232,Customer 232 S.A.S,MX,Barranquilla,89118,Calle 2 #90-11,C,KUNA
0000000233,Customer 233 S.A.S,US,Barranquilla,85771,Calle 43 #72-29,B,KUNA
0000000234,Customer 234 S.A.S,US,Miami,57292,Calle 6 #79-2,A,0001
0000000235,Customer 235 S.A.S,DE,Medellin,76229,Calle 40 #84-69,E,0001
0000000236,Customer 236 S.A.S,BR,New York,53713,Calle 77 #8-32,A,0001
0000000237,Customer 237 S.A.S,BR,Sao Paulo,85410,Calle 76 #9-84,B,0002
0000000238,Customer 238 S.A.S,BR,Bogota,60025,Calle 81 #4-50,C,0002
0000000239,Customer 239 S.A.S,CO,Cali,24707,Calle 87 #64-40,D,0001
0000000240,Customer 240 S.A.S,BR,Sao Paulo,33575,Calle 28 #39-5,D,KUNA
0000000241,Customer 241 S.A.S,DE,Sao Paulo,75031,Calle 20 #62-44,B,KUNA
0000000242,Customer 242 S.A.S,BR,Miami,82009,Calle 77 #89-63,A,0002
0000000243,Customer 243 S.A.S,US,New York,94772,Calle 17 #14-69,A,KUNA
0000000244,Customer 244 S.A.S,DE,Barranquilla,24241,Calle 51 #78-65,B,0001
0000000245,Customer 245 S.A.S,BR,Berlin,42032,Calle 92 #39-18,A,0002
0000000246,Customer 246 S.A.S,BR,Miami,75867,Calle 3 #59-29,C,0001
0000000247,Customer 247 S.A.S,BR,Sao Paulo,51572,Calle 50 #46-23,E,KUNA
0000000248,Customer 248 S.A.S,DE,Bogota,59051,Calle 32 #84-5,B,0002
0000000249,Customer 249 S.A.S,CO,Bogota,12164,Calle 35 #81-56,A,KUNA
0000000250,Customer 250 S.A.S,MX,Medellin,10284,Calle 3 #13-73,E,0002
0000000251,Customer 251 S.A.S,CO,Bogota,91838,Calle 72 #96-61,B,0002
0000000252,Customer 252 S.A.S,MX,Miami,28793,Calle 58 #14-54,D,0002
0000000253,Customer 253 S.A.S,US,Bogota,57352,Calle 74 #32-98,C,0002
0000000254,Customer 254 S.A.S,CO,Berlin,75187,Calle 94 #21-31,E,0002
0000000255,Customer 255 S.A.S,MX,Cali,43000,Calle 60 #37-20,C,KUNA
0000000256,Customer 256 S.A.S,DE,Medellin,91827,Calle 75 #91-41,E,0002
0000000257,Customer 257 S.A.S,MX,Miami,52728,Calle 12 #74-69,C,0002
0000000258,Customer 258 S.A.S,MX,Miami,37689,Calle 96 #15-51,A,0001
0000000259,Customer 259 S.A.S,US,New York,97952,Calle 69 #74-62,E,KUNA
0000000260,Customer 260 S.A.S,MX,Medellin,74729,Calle 17 #56-98,B,KUNA
0000000261,Customer 261 S.A.S,MX,Cali,78038,Calle 71 #18-65,A,KUNA
0000000262,Customer 262 S.A.S,DE,Cali,38143,Calle 13 #40-25,A,KUNA
0000000263,Customer 263 S.A.S,US,Berlin,29530,Calle 6 #2-84,B,KUNA
0000000264,Customer 264 S.A.S,DE,Bogota,47995,Calle 21 #86-54,E,KUNA
0000000265,Customer 265 S.A.S,DE,Bogota,81075,Calle 62 #70-23,C,0001
0000000266,Customer 266 S.A.S,MX,Miami,74898,Calle 85 #1-76,E,0002
0000000267,Customer 267 S.A.S,DE,Berlin,95230,Calle 5 #97-56,A,0002
0000000268,Customer 268 S.A.S,CO,Barranquilla,25439,Calle 84 #20-16,D,KUNA
0000000269,Customer 269 S.A.S,DE,Medellin,66956,Calle 83 #24-51,D,0002
0000000270,Customer 270 S.A.S,DE,Sao Paulo,45198,Calle 97 #18-21,B,0001
0000000271,Customer 271 S.A.S,DE,New York,49915,Calle 40 #52-9,A,0002
0000000272,Customer 272 S.A.S,DE,Berlin,49569,Calle 77 #94-48,D,0001
0000000273,Customer 273 S.A.S,CO,Sao Paulo,11370,Calle 38 #79-33,C,KUNA
0000000274,Customer 274 S.A.S,CO,Berlin,35218,Calle 50 #16-33,C,0001
0000000275,Customer 275 S.A.S,DE,Barranquilla,19710,Calle 30 #20-13,E,0001
0000000276,Customer 276 S.A.S,BR,Sao Paulo,15207,Calle 39 #75-14,C,0002
0000000277,Customer 277 S.A.S,CO,Bogota,17648,Calle 63 #17-56,A,0002
0000000278,Customer 278 S.A.S,BR,Berlin,19279,Calle 54 #38-96,A,KUNA
0000000279,Customer 279 S.A.S,BR,New York,14367,Calle 7 #44-71,C,0002
0000000280,Customer 280 S.A.S,MX,Medellin,27604,Calle 65 #22-62,B,KUNA
0000000281,Customer 281 S.A.S,MX,Cali,80164,Calle 80 #70-10,A,0002
0000000282,Customer 282 S.A.S,BR,New York,88290,Calle 61 #21-86,C,KUNA
0000000283,Customer 283 S.A.S,US,Cali,51366,Calle 77 #42-64,C,KUNA
0000000284,Customer 284 S.A.S,DE,Berlin,91506,Calle 14 #97-29,B,0002
0000000285,Customer 285 S.A.S,MX,Barranquilla,39306,Calle 33 #47-71,B,0001
0000000286,Customer 286 S.A.S,DE,Medellin,75813,Calle 63 #15-51,E,0002
0000000287,Customer 287 S.A.S,BR,Sao Paulo,55157,Calle 56 #72-79,B,KUNA
0000000288,Customer 288 S.A.S,US,New York,94754,Calle 59 #53-67,A,0002
0000000289,Customer 289 S.A.S,US,Berlin,71449,Calle 85 #74-57,C,KUNA
0000000290,Customer 290 S.A.S,CO,Barranquilla,22186,Calle 42 #96-36,D,0001
0000000291,Customer 291 S.A.S,BR,Sao Paulo,95899,Calle 55 #20-14,B,KUNA
0000000292,Customer 292 S.A.S,BR,Bogota,66795,Calle 19 #79-37,E,0002
0000000293,Customer 293 S.A.S,MX,Sao Paulo,92256,Calle 24 #64-18,C,0002
0000000294,Customer 294 S.A.S,MX,Sao Paulo,61091,Calle 77 #76-75,E,0002
0000000295,Customer 295 S.A.S,MX,Medellin,23721,Calle 80 #37-68,E,0001
0000000296,Customer 296 S.A.S,US,Barranquilla,62098,Calle 97 #27-79,E,0002
0000000297,Customer 297 S.A.S,CO,Medellin,50881,Calle 35 #64-15,C,KUNA
0000000298,Customer 298 S.A.S,DE,Sao Paulo,74974,Calle 85 #10-74,C,KUNA
0000000299,Customer 299 S.A.S,MX,Berlin,91622,Calle 47 #90-79,D,0001
0000000300,Customer 300 S.A.S,MX,Bogota,90394,Calle 59 #59-40,A,KUNA
0000000301,Customer 301 S.A.S,MX,Medellin,28664,Calle 49 #33-4,C,0001
0000000302,Customer 302 S.A.S,MX,Cali,88373,Calle 29 #23-18,D,0002
0000000303,Customer 303 S.A.S,DE,Sao Paulo,34966,Calle 90 #85-8,C,0002
0000000304,Customer 304 S.A.S,US,Medellin,76858,Calle 56 #36-44,B,0001
0000000305,Customer 305 S.A.S,BR,Medellin,62699,Calle 80 #10-60,C,KUNA
0000000306,Customer 306 S.A.S,DE,Barranquilla,93787,Calle 91 #79-36,C,KUNA
0000000307,Customer 307 S.A.S,US,Cali,68591,Calle 91 #76-13,E,0001
0000000308,Customer 308 S.A.S,MX,Berlin,44607,Calle 63 #7-8,D,KUNA
0000000309,Customer 309 S.A.S,DE,Sao Paulo,41008,Calle 92 #1-81,B,KUNA
0000000310,Customer 310 S.A.S,BR,Cali,13263,Calle 45 #95-53,B,0001
0000000311,Customer 311 S.A.S,BR,New York,16281,Calle 99 #75-58,D,0001
0000000312,Customer 312 S.A.S,DE,Cali,68102,Calle 11 #85-21,E,KUNA
0000000313,Customer 313 S.A.S,US,Miami,42075,Calle 16 #3-94,E,0002
0000000314,Customer 314 S.A.S,DE,Sao Paulo,32598,Calle 48 #39-6,D,0002
0000000315,Customer 315 S.A.S,MX,Medellin,64455,Calle 65 #20-2,C,0001
0000000316,Customer 316 S.A.S,US,Medellin,27695,Calle 60 #63-28,A,0002
0000000317,Customer 317 S.A.S,BR,New York,98987,Calle 22 #87-62,E,KUNA
0000000318,Customer 318 S.A.S,MX,Barranquilla,72677,Calle 70 #88-72,D,0001
0000000319,Customer 319 S.A.S,MX,Cali,70454,Calle 45 #65-11,C,0001
0000000320,Customer 320 S.A.S,BR,Berlin,17518,Calle 93 #43-70,A,KUNA
0000000321,Customer 321 S.A.S,DE,Berlin,38099,Calle 14 #55-39,D,0001
0000000322,Customer 322 S.A.S,MX,New York,82076,Calle 72 #60-44,B,KUNA
0000000323,Customer 323 S.A.S,MX,Bogota,73300,Calle 83 #81-81,B,0001
0000000324,Customer 324 S.A.S,DE,New York,55206,Calle 49 #70-66,E,0001
0000000325,Customer 325 S.A.S,US,Cali,78765,Calle 9 #82-62,A,0001
0000000326,Customer 326 S.A.S,DE,Cali,28746,Calle 70 #16-73,C,0001
0000000327,Customer 327 S.A.S,US,Barranquilla,43667,Calle 73 #90-62,D,0002
0000000328,Customer 328 S.A.S,DE,Barranquilla,37662,Calle 50 #57-70,B,0002
0000000329,Customer 329 S.A.S,DE,New York,54718,Calle 36 #75-5,E,0002
0000000330,Customer 330 S.A.S,BR,Medellin,37457,Calle 65 #87-19,B,KUNA
0000000331,Customer 331 S.A.S,CO,Medellin,90230,Calle 53 #92-64,D,KUNA
0000000332,Customer 332 S.A.S,MX,Sao Paulo,51342,Calle 86 #67-95,B,0001
0000000333,Customer 333 S.A.S,MX,Miami,59714,Calle 32 #67-67,B,KUNA
0000000334,Customer 334 S.A.S,US,Cali,68530,Calle 2 #52-87,E,0002
0000000335,Customer 335 S.A.S,BR,Sao Paulo,73664,Calle 31 #5-69,C,0001
0000000336,Customer 336 S.A.S,DE,Berlin,17920,Calle 58 #57-5,B,0001
0000000337,Customer 337 S.A.S,BR,Medellin,98097,Calle 7 #93-86,C,0002
0000000338,Customer 338 S.A.S,US,Miami,97494,Calle 32 #19-96,A,0001
0000000339,Customer 339 S.A.S,MX,New York,59234,Calle 10 #17-10,C,KUNA
0000000340,Customer 340 S.A.S,DE,Medellin,33032,Calle 82 #24-69,D,KUNA
0000000341,Customer 341 S.A.S,BR,Barranquilla,23618,Calle 85 #76-34,A,KUNA
0000000342,Customer 342 S.A.S,DE,New York,85251,Calle 20 #83-54,C,KUNA
0000000343,Customer 343 S.A.S,CO,Medellin,79673,Calle 43 #90-65,A,0001
0000000344,Customer 344 S.A.S,CO,Cali,95118,Calle 28 #12-42,B,0001
0000000345,Customer 345 S.A.S,DE,Bogota,84629,Calle 53 #9-20,C,KUNA
0000000346,Customer 346 S.A.S,US,Bogota,24705,Calle 71 #93-39,B,0002
0000000347,Customer 347 S.A.S,DE,Sao Paulo,39439,Calle 2 #99-80,E,0001
0000000348,Customer 348 S.A.S,BR,Berlin,71714,Calle 19 #62-25,E,0001
0000000349,Customer 349 S.A.S,CO,Miami,54341,Calle 71 #40-47,D,0001
0000000350,Customer 350 S.A.S,US,New York,55358,Calle 37 #96-1,C,0001
0000000351,Customer 351 S.A.S,BR,Bogota,62397,Calle 42 #55-65,A,0002
0000000352,Customer 352 S.A.S,MX,Bogota,88821,Calle 67 #47-88,B,0001
0000000353,Customer 353 S.A.S,BR,Sao Paulo,33844,Calle 82 #73-56,B,0001
0000000354,Customer 354 S.A.S,DE,Cali,39731,Calle 93 #87-37,D,0002
0000000355,Customer 355 S.A.S,CO,New York,45672,Calle 54 #10-85,D,0001
0000000356,Customer 356 S.A.S,US,Sao Paulo,49011,Calle 32 #4-85,D,0002
0000000357,Customer 357 S.A.S,BR,Sao Paulo,95689,Calle 33 #81-1,A,0001
0000000358,Customer 358 S.A.S,DE,New York,70845,Calle 86 #83-55,D,KUNA
0000000359,Customer 359 S.A.S,DE,Berlin,35043,Calle 45 #74-49,A,0002
0000000360,Customer 360 S.A.S,CO,Cali,45871,Calle 7 #71-33,D,0002
0000000361,Customer 361 S.A.S,MX,Cali,13794,Calle 99 #87-45,D,0001
0000000362,Customer 362 S.A.S,US,New York,69518,Calle 16 #69-8,B,KUNA
0000000363,Customer 363 S.A.S,DE,Medellin,92423,Calle 38 #81-31,D,0001
0000000364,Customer 364 S.A.S,CO,New York,51552,Calle 83 #67-24,D,0001
0000000365,Customer 365 S.A.S,DE,Miami,14692,Calle 4 #94-59,C,0001
0000000366,Customer 366 S.A.S,BR,Sao Paulo,54052,Calle 100 #19-21,A,0002
0000000367,Customer 367 S.A.S,DE,Bogota,64097,Calle 53 #64-57,C,KUNA
0000000368,Customer 368 S.A.S,CO,Barranquilla,11483,Calle 91 #81-9,D,0001
0000000369,Customer 369 S.A.S,BR,New York,26436,Calle 55 #31-28,D,0001
0000000370,Customer 370 S.A.S,DE,Medellin,41203,Calle 41 #44-77,D,0002
0000000371,Customer 371 S.A.S,BR,Cali,70997,Calle 19 #71-64,E,0001
0000000372,Customer 372 S.A.S,DE,New York,98352,Calle 15 #93-39,D,0002
0000000373,Customer 373 S.A.S,US,Barranquilla,76759,Calle 5 #21-51,D,0001
0000000374,Customer 374 S.A.S,DE,New York,63370,Calle 9 #72-55,D,KUNA
0000000375,Customer 375 S.A.S,BR,Medellin,63357,Calle 98 #36-10,E,0001
0000000376,Customer 376 S.A.S,MX,Miami,16809,Calle 33 #85-87,E,KUNA
0000000377,Customer 377 S.A.S,CO,Cali,86811,Calle 85 #29-55,B,0001
0000000378,Customer 378 S.A.S,US,Bogota,96706,Calle 22 #78-58,E,KUNA
0000000379,Customer 379 S.A.S,CO,Medellin,37850,Calle 98 #39-63,B,KUNA
0000000380,Customer 380 S.A.S,CO,Miami,74229,Calle 32 #69-93,D,0002
0000000381,Customer 381 S.A.S,BR,Berlin,18849,Calle 80 #56-48,B,0002
0000000382,Customer 382 S.A.S,BR,Sao Paulo,13296,Calle 32 #80-93,B,0002
0000000383,Customer 383 S.A.S,MX,Medellin,48916,Calle 30 #70-31,E,0002
0000000384,Customer 384 S.A.S,MX,Bogota,54929,Calle 29 #2-71,B,0001
0000000385,Customer 385 S.A.S,BR,Bogota,23484,Calle 38 #55-63,A,0002
0000000386,Customer 386 S.A.S,CO,Medellin,93364,Calle 70 #87-72,E,KUNA
0000000387,Customer 387 S.A.S,US,Sao Paulo,16873,Calle 31 #21-95,B,0002
0000000388,Customer 388 S.A.S,DE,Medellin,41020,Calle 49 #5-40,B,0002
0000000389,Customer 389 S.A.S,MX,Berlin,58387,Calle 58 #83-51,D,KUNA
0000000390,Customer 390 S.A.S,US,New York,12335,Calle 69 #11-74,B,0002
0000000391,Customer 391 S.A.S,MX,New York,78287,Calle 21 #63-57,C,KUNA
0000000392,Customer 392 S.A.S,MX,Sao Paulo,89112,Calle 24 #22-60,A,0001
0000000393,Customer 393 S.A.S,DE,Cali,43413,Calle 84 #49-60,C,KUNA
0000000394,Customer 394 S.A.S,MX,Sao Paulo,90735,Calle 81 #50-27,B,0002
0000000395,Customer 395 S.A.S,CO,Medellin,88728,Calle 26 #41-16,D,0001
0000000396,Customer 396 S.A.S,DE,Sao Paulo,24526,Calle 54 #41-7,E,0001
0000000397,Customer 397 S.A.S,BR,Bogota,36718,Calle 88 #57-51,A,0001
0000000398,Customer 398 S.A.S,MX,Cali,47730,Calle 20 #71-14,D,KUNA
0000000399,Customer 399 S.A.S,MX,Berlin,41499,Calle 90 #91-70,C,0002
0000000400,Customer 400 S.A.S,MX,New York,31265,Calle 82 #82-83,D,0001
0000000401,Customer 401 S.A.S,MX,New York,93828,Calle 57 #45-98,B,KUNA
0000000402,Customer 402 S.A.S,DE,Sao Paulo,92576,Calle 83 #75-89,B,KUNA
0000000403,Customer 403 S.A.S,CO,Medellin,47008,Calle 67 #19-79,B,0001
0000000404,Customer 404 S.A.S,BR,Cali,58125,Calle 87 #74-94,E,0002
0000000405,Customer 405 S.A.S,DE,Miami,97392,Calle 42 #2-49,D,0001
0000000406,Customer 406 S.A.S,CO,Medellin,62693,Calle 45 #44-68,D,0002
0000000407,Customer 407 S.A.S,CO,Medellin,55385,Calle 4 #31-42,C,0002
0000000408,Customer 408 S.A.S,DE,Medellin,81281,Calle 87 #8-87,A,0002
0000000409,Customer 409 S.A.S,BR,Bogota,56595,Calle 55 #88-98,D,0002
0000000410,Customer 410 S.A.S,US,Medellin,34615,Calle 56 #3-6,E,0002
0000000411,Customer 411 S.A.S,US,Bogota,13193,Calle 94 #55-32,E,KUNA
0000000412,Customer 412 S.A.S,US,Sao Paulo,79417,Calle 18 #32-55,E,KUNA
0000000413,Customer 413 S.A.S,CO,Bogota,89076,Calle 87 #80-93,D,KUNA
0000000414,Customer 414 S.A.S,DE,Sao Paulo,32136,Calle 9 #74-13,D,0001
0000000415,Customer 415 S.A.S,CO,Medellin,66628,Calle 43 #12-54,E,0001
0000000416,Customer 416 S.A.S,CO,New York,73107,Calle 24 #14-42,B,0002
0000000417,Customer 417 S.A.S,BR,Bogota,12673,Calle 79 #27-43,E,0002
0000000418,Customer 418 S.A.S,CO,Sao Paulo,17686,Calle 24 #2-7,C,0002
0000000419,Customer 419 S.A.S,MX,Bogota,95543,Calle 14 #96-70,D,KUNA
0000000420,Customer 420 S.A.S,DE,Bogota,17466,Calle 84 #42-24,E,KUNA
0000000421,Customer 421 S.A.S,MX,Cali,39475,Calle 17 #46-45,C,0001
0000000422,Customer 422 S.A.S,US,New York,89843,Calle 22 #88-27,B,KUNA
0000000423,Customer 423 S.A.S,CO,Cali,98753,Calle 39 #26-1,B,0002
0000000424,Customer 424 S.A.S,DE,Barranquilla,42263,Calle 89 #3-28,D,KUNA
0000000425,Customer 425 S.A.S,CO,Barranquilla,27705,Calle 18 #63-55,E,0001
0000000426,Customer 426 S.A.S,MX,Sao Paulo,95848,Calle 34 #39-64,B,0001
0000000427,Customer 427 S.A.S,DE,Medellin,25861,Calle 4 #95-57,E,0001
0000000428,Customer 428 S.A.S,DE,Sao Paulo,64946,Calle 49 #62-68,C,0002
0000000429,Customer 429 S.A.S,US,Barranquilla,48043,Calle 82 #84-25,B,0002
0000000430,Customer 430 S.A.S,BR,New York,38718,Calle 59 #6-9,A,KUNA
0000000431,Customer 431 S.A.S,CO,Barranquilla,35924,Calle 95 #52-11,B,0002
0000000432,Customer 432 S.A.S,US,Sao Paulo,52752,Calle 4 #54-3,C,0001
0000000433,Customer 433 S.A.S,US,Barranquilla,59025,Calle 13 #15-51,B,KUNA
0000000434,Customer 434 S.A.S,BR,New York,56383,Calle 88 #58-81,B,0002
0000000435,Customer 435 S.A.S,US,Berlin,41605,Calle 2 #32-35,B,0002
0000000436,Customer 436 S.A.S,CO,Cali,67736,Calle 31 #24-17,D,KUNA
0000000437,Customer 437 S.A.S,DE,Cali,69020,Calle 18 #82-67,D,0001
0000000438,Customer 438 S.A.S,US,Cali,89200,Calle 39 #96-2,A,KUNA
0000000439,Customer 439 S.A.S,BR,Berlin,20655,Calle 9 #1-24,E,0001
0000000440,Customer 440 S.A.S,DE,New York,11480,Calle 74 #74-53,C,0002
0000000441,Customer 441 S.A.S,BR,Berlin,92789,Calle 49 #36-95,C,KUNA
0000000442,Customer 442 S.A.S,DE,Medellin,67894,Calle 9 #27-5,B,0001
0000000443,Customer 443 S.A.S,DE,Cali,83506,Calle 38 #39-23,B,0001
0000000444,Customer 444 S.A.S,US,New York,36724,Calle 28 #17-12,B,0001
0000000445,Customer 445 S.A.S,CO,Bogota,94740,Calle 7 #38-94,B,KUNA
0000000446,Customer 446 S.A.S,MX,Miami,10191,Calle 25 #4-97,B,KUNA
0000000447,Customer 447 S.A.S,US,Bogota,86197,Calle 44 #65-63,B,0001
0000000448,Customer 448 S.A.S,US,Bogota,69376,Calle 46 #20-7,A,KUNA
0000000449,Customer 449 S.A.S,US,Berlin,56818,Calle 51 #77-28,A,KUNA
0000000450,Customer 450 S.A.S,BR,Bogota,67035,Calle 91 #21-29,A,0002
0000000451,Customer 451 S.A.S,US,Sao Paulo,46895,Calle 39 #30-64,B,0001
0000000452,Customer 452 S.A.S,MX,Barranquilla,56157,Calle 79 #54-17,D,0002
0000000453,Customer 453 S.A.S,US,Bogota,14585,Calle 95 #76-63,D,0001
0000000454,Customer 454 S.A.S,US,Berlin,27979,Calle 59 #85-32,E,0002
0000000455,Customer 455 S.A.S,BR,Sao Paulo,43916,Calle 71 #71-12,B,KUNA
0000000456,Customer 456 S.A.S,CO,New York,29171,Calle 2 #30-64,C,0002
0000000457,Customer 457 S.A.S,DE,New York,18207,Calle 40 #32-9,C,0001
0000000458,Customer 458 S.A.S,CO,Barranquilla,87241,Calle 68 #72-61,E,0002
0000000459,Customer 459 S.A.S,US,Berlin,41583,Calle 91 #26-93,D,0001
0000000460,Customer 460 S.A.S,DE,New York,34563,Calle 69 #37-2,E,KUNA
0000000461,Customer 461 S.A.S,DE,Berlin,63947,Calle 87 #29-65,A,0001
0000000462,Customer 462 S.A.S,DE,Berlin,29473,Calle 9 #20-98,A,0001
0000000463,Customer 463 S.A.S,MX,Medellin,62970,Calle 35 #71-90,C,KUNA
0000000464,Customer 464 S.A.S,CO,Berlin,56131,Calle 73 #52-34,E,0002
0000000465,Customer 465 S.A.S,CO,Barranquilla,27750,Calle 16 #67-60,A,0001
0000000466,Customer 466 S.A.S,DE,Berlin,15357,Calle 93 #86-71,E,KUNA
0000000467,Customer 467 S.A.S,DE,New York,31582,Calle 30 #86-47,E,0002
0000000468,Customer 468 S.A.S,CO,Cali,19057,Calle 53 #74-70,A,0002
0000000469,Customer 469 S.A.S,DE,Medellin,39818,Calle 44 #81-50,B,KUNA
0000000470,Customer 470 S.A.S,BR,Cali,28720,Calle 35 #88-37,D,0001
0000000471,Customer 471 S.A.S,BR,Berlin,57683,Calle 53 #16-47,D,KUNA
0000000472,Customer 472 S.A.S,BR,Cali,40016,Calle 44 #85-45,A,0002
0000000473,Customer 473 S.A.S,US,Sao Paulo,46772,Calle 89 #71-38,D,KUNA
0000000474,Customer 474 S.A.S,US,Sao Paulo,15621,Calle 46 #75-77,C,0002
0000000475,Customer 475 S.A.S,BR,Medellin,68953,Calle 29 #41-29,D,0001
0000000476,Customer 476 S.A.S,BR,New York,48098,Calle 64 #94-88,A,0002
0000000477,Customer 477 S.A.S,BR,New York,10621,Calle 78 #95-9,B,0002
0000000478,Customer 478 S.A.S,CO,Cali,93330,Calle 65 #59-82,A,0001
0000000479,Customer 479 S.A.S,BR,Medellin,24105,Calle 4 #55-38,E,0001
0000000480,Customer 480 S.A.S,US,Barranquilla,28997,Calle 46 #87-97,E,0002
0000000481,Customer 481 S.A.S,DE,Bogota,18121,Calle 100 #70-69,A,0002
0000000482,Customer 482 S.A.S,DE,New York,80917,Calle 82 #78-40,D,KUNA
0000000483,Customer 483 S.A.S,MX,New York,19660,Calle 90 #9-24,C,KUNA
0000000484,Customer 484 S.A.S,US,Cali,88452,Calle 53 #8-55,E,0001
0000000485,Customer 485 S.A.S,US,Cali,25706,Calle 61 #92-21,E,0002
0000000486,Customer 486 S.A.S,US,Medellin,83190,Calle 53 #56-57,E,0001
0000000487,Customer 487 S.A.S,US,Miami,73307,Calle 42 #56-93,D,0002
0000000488,Customer 488 S.A.S,MX,New York,99766,Calle 72 #51-29,D,KUNA
0000000489,Customer 489 S.A.S,BR,Berlin,53790,Calle 76 #93-57,A,0001
0000000490,Customer 490 S.A.S,DE,Sao Paulo,27162,Calle 37 #92-67,A,KUNA
0000000491,Customer 491 S.A.S,BR,Bogota,66815,Calle 26 #28-62,E,0002
0000000492,Customer 492 S.A.S,MX,Sao Paulo,30022,Calle 91 #53-99,D,KUNA
0000000493,Customer 493 S.A.S,US,Cali,60515,Calle 96 #67-15,B,0002
0000000494,Customer 494 S.A.S,CO,Berlin,96182,Calle 94 #79-29,D,0002
0000000495,Customer 495 S.A.S,CO,Sao Paulo,61354,Calle 18 #6-90,B,KUNA
0000000496,Customer 496 S.A.S,DE,Cali,13785,Calle 62 #40-81,E,0002
0000000497,Customer 497 S.A.S,DE,Miami,33804,Calle 95 #36-12,B,0001
0000000498,Customer 498 S.A.S,MX,Berlin,88634,Calle 94 #14-93,B,0001
0000000499,Customer 499 S.A.S,CO,New York,96554,Calle 88 #11-35,B,0001
0000000500,Customer 500 S.A.S,MX,Cali,54912,Calle 33 #44-95,A,0002
